video_id,text,like_count,published_at,source
Akj12zQniWw,"Tôi comback kênh show mặt bằng quả vid này :)))) các bạn ủng hộ nhíee

https://youtu.be/NvgJgFem3V0",148,2025-01-01T05:51:20Z,youtube
Akj12zQniWw,Ai hóng tất cả drama 2025 điểm danh đeeeeeee!!!,63,2025-11-29T19:15:44Z,youtube
Akj12zQniWw,"18:07  m có bt t chờ lâu lắm rồi ko
Erik: ra hiệu tắt mic nhưng ko kịp
Pháp kiều: *Mẹ nè con*",14,2025-09-11T01:48:12Z,youtube
Akj12zQniWw,sắp nx r:))) 2025 drm 1 đống haha,22,2025-11-23T17:44:29Z,youtube
Akj12zQniWw,"Còn quả drama ấn tượng cuối năm review 600 doanh nghiệp cuối năm, con dân hóng mất ăn ngủ. Cả vụ quán quân Olympia đăng hôn quốc khánh nữa, sốc thôi rồi",102,2025-01-01T12:14:44Z,youtube
Akj12zQniWw,"idol thì đạo nhái , fan ăn cắp, quả là cặp đôi hoàn hảo, nồi nào úp vung nấy, like idol like fan 👏👏",18,2025-01-07T09:21:40Z,youtube
Akj12zQniWw,"11:19 LÊN anh ơi LÊN, em chờ anh làm lắm zồi đây này. Anh mà làm video riêng về Say Hi với Chonggai là em chuẩn bị bánh nước ngồi coi luôn :)))",55,2025-01-01T09:47:35Z,youtube
Akj12zQniWw,"Anh ơi lên vụ ANH TRAI SAY HI và ANH TRAI CHÔNG GAI đi ạaaaaa, mắc hóng lắm rr ạ",123,2025-01-01T08:16:37Z,youtube
Akj12zQniWw,Thiếu sự phẫn nội của người lửa với ông nào đó lên đỉnh olympia r a ơi:)),14,2025-01-05T01:53:35Z,youtube
Akj12zQniWw,"làm ATVNCG vs ATSH đi anh, lót dép hóng, drama này phải làm 1 quả cover toàn bộ cuốn phải biết =)))))))))))))",339,2025-01-01T05:41:38Z,youtube
Akj12zQniWw,"Em đồng ý lên hẳn một clip 2 chương trình anh trai nha, gì chứ mẹ em còn hóng thì nói chi em :3",226,2025-01-01T08:54:40Z,youtube
Akj12zQniWw,Nhắc quả phong bạt đợt lũ cười muốn xỉu 😂,8,2025-01-27T12:17:26Z,youtube
Akj12zQniWw,"Nói cho đúng thì mục tiêu của Chưa Biết là những nghệ sĩ không có ct quản lý hoặc chống lưng, hoạt động cá nhân. Chứ mà dám đụng vào mấy nghệ sĩ có công ty quản lý, mấy công ty quản lý đó mà đụng vào nghệ sĩ của họ thì họ cho ra toà. Lúc đó tha hồ bán nhà và xe mà đền.",31,2025-01-03T23:28:41Z,youtube
Akj12zQniWw,Cách nói chuyện của ông này giống Monsieur Tuna vãi,6,2025-01-02T05:06:52Z,youtube
Akj12zQniWw,"khán giải VN dễ dãi nhỉ, có những hành động không thể chấp nhận được, 1 lời xin lỗi cho có, lặn 2 tháng và trở lại như không có chuyện gì xảy ra, ko 1 chút ăn năn hối lỗi @@",384,2025-01-02T11:59:53Z,youtube
Akj12zQniWw,"nội dung và cách thể hiện của bạn này rất hay, cũng có vài nét giống kênh Monsieur Tuna của anh Tuân hải phòng :))",20,2025-01-06T08:43:16Z,youtube
Akj12zQniWw,"Có ai giống tui sau khi thấy quả spoil ""tổng hợp drama năm 2025"" là vội đi cày lại video này ko 😂😂😂",1,2025-09-22T15:59:51Z,youtube
Akj12zQniWw,"Tổng hợp năm 2025 chắc Me xừ phải làm ba phần, mỗi phần ba tiếng mất",1,2025-12-19T17:16:02Z,youtube
Akj12zQniWw,Ông xe lăn đúng kiểu tàn r còn phế:))),9,2025-01-01T11:53:55Z,youtube
Akj12zQniWw,Mong vn nên phong sát kiểu bên trung chứ kiểu cộng đồng mạng vn dễ dãi quá cứ dính drama j là vài tháng sau tẩy trắng thành công làm nghề lại bth,79,2025-01-01T05:33:43Z,youtube
Akj12zQniWw,Em fan Anh Trai Say Hi nhưng cũng mong anh lên clip drama 2 chương trình atsh và atvncg nữa ạ =)) Tại có nửa năm thôi mà em hóng được quá trời luonnn,33,2025-01-01T08:43:58Z,youtube
Akj12zQniWw,14:05 không có vụ Duy Muối hả b,19,2025-01-01T07:10:19Z,youtube
Akj12zQniWw,"content này oke nè, chill guy 1 năm rồi cuối năm hít drama 30p cho thõa mãn rồi chill tiếp
=)))",31,2025-01-06T03:47:40Z,youtube
Akj12zQniWw,thật sự hóng tóm tắt drama của 2 show anh trai dài 1 tiếng rưỡi ạ=)))),18,2025-01-02T20:24:11Z,youtube
Akj12zQniWw,"+1 drama me xừ đức chưa nói:
Vụ schannel miền nam lại ủng hộ anh trai say hi",1,2025-09-10T14:26:20Z,youtube
Akj12zQniWw,"bật lên để xem lúc rửa bát , hóng chút drama mà ad cho 2 quả quảng cáo dài gần 2p rửa gần xong luôn =))",6,2025-01-02T12:37:09Z,youtube
Akj12zQniWw,"Nói thật nghe ông này hay vãi, kiểu nói không bị vấp vốn từ hay vãi , cho nên tui hay nghe lúc làm văn phân tích đường luật:)))",0,2025-10-19T08:34:56Z,youtube
Akj12zQniWw,:)))làm tổng kết năm 2025 chắc vd dài dữ đó,1,2025-08-23T15:17:52Z,youtube
Akj12zQniWw,Thiếu 1 drama đình đám nhất năm... cả nước quên lời gốc bài của ngô lan hương😂,1,2025-01-14T06:16:20Z,youtube
Akj12zQniWw,kiểu bình luận giống monsier tuna quá,3,2025-01-03T13:45:30Z,youtube
Akj12zQniWw,"Sót quả dramma với câu nói ám ảnh nhân loại là: ""đợi bố mày 5 phút"".",4,2025-01-03T13:41:14Z,youtube
Akj12zQniWw,"Videos nào cũng hay
Mong giáo sư Đức mau ra đều đều những clip hay 
*một năm mới nhiều may mắn, hạnh phúc, thành công trong công việc nhé*",6,2025-01-01T06:37:23Z,youtube
Akj12zQniWw,0:47 hôm nay là 31/12/2025 và lightstick vẫn ch có,2,2025-12-31T08:56:52Z,youtube
Akj12zQniWw,Hình như tháng 6 còn vụ Hạt Tiêu Play với Mr Vịt=)),3,2025-01-02T05:41:07Z,youtube
Akj12zQniWw,làm đi anh :))) phải có một video về ATVNCG và ATSH 🐸,4,2025-01-02T12:21:44Z,youtube
Akj12zQniWw,Tự nhiên nhớ drama về vịt và tiêu 😂,2,2025-01-04T12:46:21Z,youtube
Akj12zQniWw,"Tui coi trên tv ăn tô chống lào thì thấy video này, phải cầm ngay cái đt để like và sup cho ông anh me xừ đức có thêm động lực làm mấy video hít drama vui nhất từ trước đến giờ, ý mà tui k thích drama showbig cho lắm.",2,2025-01-03T16:26:17Z,youtube
Akj12zQniWw,"Dino Sakura,Chu Ngọc Quanh Vinh với sự phẫn nộ của người lửa nx anh ơi",0,2025-03-14T10:42:54Z,youtube
Akj12zQniWw,Nghe cứ bị na ná chú tuân siêu cấp vip pro í nhỉ,2,2025-01-03T09:53:01Z,youtube
Akj12zQniWw,Chưa gì đã hóng content này của năm 2025 ròi,0,2025-05-25T02:44:16Z,youtube
Akj12zQniWw,"Trăm đi không bằng 2 bánh, trăm đá vẫn ko bằng vô ảnh cước của anh xe lăn",1,2025-01-02T04:10:51Z,youtube
Akj12zQniWw,Lm drama của ATSH với ATVNCG đi ạ plzzz,3,2025-01-03T11:10:30Z,youtube
Akj12zQniWw,"t ở tổng hợp drama 2025 qua, cảm giác như mấy drama 2024 này xảy ra từ 2020 luôn í =)) năm đ j nhiều biến động vl hic =)))))",0,2025-12-30T14:29:25Z,youtube
Akj12zQniWw,xem vid này xong mới biết mik tối cổ🥲😗,1,2025-01-07T17:03:35Z,youtube
Akj12zQniWw,Video ông này cuốn vch íii,3,2025-01-03T14:56:39Z,youtube
Akj12zQniWw,Anh làm xếp hạng các tiết mục trong ATVNCG đi ạ🎉,9,2025-01-01T05:52:30Z,youtube
Akj12zQniWw,Eo ơi quả sao kê của MTTQ thật sự chất lượng,0,2025-01-27T14:50:14Z,youtube
Akj12zQniWw,Tổng hợp Drama 2025 chắc 3h chưa xong🎉🎉,1,2025-07-31T07:10:13Z,youtube
Akj12zQniWw,"Thiếu mấy đứa quái xế,bà cô đòi mua loptop,rồi cha con lớp 6,10 với ông cha đánh thk lớp 8 nữa anh ơi 😅",3,2025-01-01T15:12:41Z,youtube
Akj12zQniWw,Đỉnh nóc kịch trần bay phấp phới anh ơi 😂,1,2025-01-03T17:47:30Z,youtube
Akj12zQniWw,ủng hộ làm về 2 show ạ. liền ad ơiiiiii,3,2025-01-02T05:41:26Z,youtube
Akj12zQniWw,"Đầu năm 2025 mở màn bằng vụ drama của Jack rồi . Vụ này cuốn vãi , mong là mấy vụ sau lại cuốn như vậy",0,2025-01-28T07:14:39Z,youtube
Akj12zQniWw,"Anh làm video drama 2 show anh trai đi, để em xem em có bỏ lỡ cái nào ko :)))))))",1,2025-01-16T07:35:42Z,youtube
Akj12zQniWw,Nếu tui ko xem vd này thì chắc tui ko biết năm rồi nhiều sk đến vậy🤡🤡🤡😆😆😆,0,2025-02-13T08:33:56Z,youtube
Akj12zQniWw,năm 2024 mỗi 27p chưa đc nửa tiếng 2025 thì tiếng rưỡi,0,2026-01-22T15:26:53Z,youtube
Akj12zQniWw,Anybody here 24/10/2025,3,2025-10-24T08:26:43Z,youtube
Akj12zQniWw,0:14 bạn và tôi khác nhau:)))))),1,2025-03-19T06:11:12Z,youtube
Akj12zQniWw,Lên video ATVNCG và ATSH dài 2 tiếng cũng được ạ :))),3,2025-01-02T09:13:04Z,youtube
Akj12zQniWw,"minh dự giỏi thâttj, ko ai nhắc tới vụ đó cả",1,2025-01-08T06:08:53Z,youtube
Akj12zQniWw,...trôi qua nhanh thật... Kể từ ngày anh mất em....,1,2025-01-03T23:12:24Z,youtube
Akj12zQniWw,"Nay ms xem, nhắc lại cho mn nhớ ne gav đã hđ lại bth:)",3,2025-06-18T04:59:16Z,youtube
Akj12zQniWw,💙💙💙,1,2025-01-03T21:04:17Z,youtube
Akj12zQniWw,Quả drama Trình của Hieuthuhai và Đỉnh của Bình gold,0,2025-07-23T18:01:55Z,youtube
Akj12zQniWw,Vì series này bên zalo mà phải nhảy vào youtube đăng ký kênh liền. Anh ơi lên video nhiều lên nghe anh nói cuốn lắm ý,0,2025-04-08T07:44:38Z,youtube
Akj12zQniWw,thời lượng này mới được có phần 1 của 2025 :)))))),1,2025-12-26T04:24:02Z,youtube
Akj12zQniWw,ATSH và ATVNCG plizzz,57,2025-01-01T04:12:51Z,youtube
Akj12zQniWw,"Đức ơi BA THÁNG RỒI, lên nhanh đi t hóng quá thể. Chông Gai vs Say Hi đính kèm nhau từng bước một, lên đi ông, do dự hết hot mất",0,2025-04-21T16:46:13Z,youtube
Akj12zQniWw,Vừa nghe ông này nói 1 hồi mà nhảy số ông Tuân:),0,2025-02-08T05:29:56Z,youtube
Akj12zQniWw,Video hay quá. +1 Sub liền ❤,1,2025-01-06T19:20:45Z,youtube
Akj12zQniWw,vụ hh đạo nhái nghe nói ban đầu là bị fan quốc tế tế ở trên X ấy=)),17,2025-01-01T08:07:12Z,youtube
Akj12zQniWw,Kênh xứng đán đc 1tr sub sớm nhất,1,2025-01-03T10:58:01Z,youtube
Akj12zQniWw,"làm về Show "" Anh trai vượt ngàn chông gai"" và cái còn lại đi AD",0,2025-01-27T06:29:56Z,youtube
Akj12zQniWw,Content kênh bác hay quá :)) e ủng hộ ah,0,2025-01-07T05:37:22Z,youtube
Akj12zQniWw,Phong cách của bác và bác monsieur tuna kháa hợp nhau,0,2025-10-22T17:31:59Z,youtube
Akj12zQniWw,Đây bị nghiện xem drama rùi! :>,0,2025-10-18T04:18:47Z,youtube
Akj12zQniWw,Cuối năm 2025 ah tổng kết drama năm nay đi anh làm hẵn chi tiết drama viruss Ngọc kem ik😂😂😂,0,2025-03-31T01:13:40Z,youtube
Akj12zQniWw,"Thiếu drama hằng du mục bị đánh rách má, bà cô đòi phụ huynh mua laptop, vụ nam sinh lớp 8 bị đánh đến chết não(・∀・)",95,2025-01-01T17:16:46Z,youtube
Akj12zQniWw,"14:47 nhớ quá drama joke kiểu ""hotline"" ngu học nữa mà đâu rùi anh 😅",1,2025-01-02T08:44:32Z,youtube
Akj12zQniWw,sau khi ông bà cùng bố tui nghe tin có người nói gì đó trong quốc tan trong tháng 7 á ( tại nhà tui hồi trước trong đảng ) nhà tui quyết định vừa toxi vừa bolck trên mọi nền tảng thấy ai trong nhà coi live của nhóm đó nhìn bằng nữa con mắt :>>>,0,2025-05-28T06:43:26Z,youtube
Akj12zQniWw,Nhớ hình như còn có drama tiktoker bậc quốc ca Thái Lan trong clip thăm chùa Angkor Wat,0,2025-01-26T14:53:33Z,youtube
Akj12zQniWw,The video is visually stunning.,1,2025-01-02T20:03:38Z,youtube
Akj12zQniWw,Tháng 1 2025. Jack 3.5 lại lên đỉnh lưu rồi,0,2025-01-31T06:26:37Z,youtube
Akj12zQniWw,2026 ai xem k :P,1,2026-02-04T08:17:43Z,youtube
Akj12zQniWw,"Anh làm về titokke quốc kang đii anhh , hot titokke á",0,2025-12-03T17:31:20Z,youtube
Akj12zQniWw,2026 rồi vẫn vậy((((:,1,2026-02-25T15:09:54Z,youtube
Akj12zQniWw,"qua 1 năm vô tri, nhờ a e mới biết đến mấy drama này lun ạ. Then kiuuuuuu a nhìuuuuu ạ",0,2025-01-16T18:30:56Z,youtube
Akj12zQniWw,Giọng kể giống anh Tuân Monsieur Tuna quá,0,2025-01-14T05:19:49Z,youtube
Akj12zQniWw,gần hết năm lòi ra cái drama to nhất,0,2025-01-21T01:45:42Z,youtube
Akj12zQniWw,"Giải ngol quá trời r , tham gia ạ 🥹[ chủ đề j thì mai tính sau ]",0,2025-05-17T10:44:29Z,youtube
Akj12zQniWw,2:26 vụ này mới đó mà 1 năm r😂,1,2025-01-06T11:26:34Z,youtube
Akj12zQniWw,🤩🤩🤩,0,2025-08-23T22:24:34Z,youtube
Akj12zQniWw,Phong cách ngân ngâm giống Tủn quá :)),0,2025-01-03T10:14:14Z,youtube
Akj12zQniWw,🥰🥰🥰,0,2025-08-21T07:30:00Z,youtube
Akj12zQniWw,5:54 haha,0,2025-02-14T08:31:13Z,youtube
Akj12zQniWw,Thiếu sót nhất là việc bray bị đào mộ,0,2025-02-03T14:00:47Z,youtube
Akj12zQniWw,"20:56 Những người chê Thick of it không biết gì về pickel ball 🔥
Những người chê pickel ball không biết gì về Sigma boy 🔥",2,2025-01-19T06:57:27Z,youtube
Akj12zQniWw,Cách diễn đạt tháy na ná chú Tuân:)),0,2025-01-11T05:09:45Z,youtube
Akj12zQniWw,có mấy đoạn ông này giống cos monseur  tuna :))),0,2025-01-02T06:17:40Z,youtube
Akj12zQniWw,Anh làm tất tần tật về anh trai say hi đi,0,2025-07-19T05:02:43Z,youtube
Akj12zQniWw,sốp ơi e chờ cái video riêng của show 2 anh 5 tháng rùi ạ 🥹,0,2025-05-14T16:14:21Z,youtube
Akj12zQniWw,Mẹ cái lightick của J y chang lightick idol tui 😂 khác mỗi cái màu.,0,2025-01-19T07:17:10Z,youtube
Akj12zQniWw,nhớ hồi bắt phông bạt vãi :))),0,2025-01-03T08:18:20Z,youtube
Akj12zQniWw,"Thik giọng đọc của bạn, nghe hài hước ❤",0,2025-09-17T07:32:38Z,youtube
Akj12zQniWw,Uầy xem ông này từ hồi ông ms 3vid đầu nè😅mà lúc ấy tôi ko cs tài khoản á😢,0,2025-01-26T15:00:33Z,youtube
Akj12zQniWw,Qua 2026 rồi vẫn chưa thấy Lightstick của Jack 😂,0,2026-01-03T05:01:40Z,youtube
Akj12zQniWw,Làm drama của ATVNCG với ATSH đi anh🎉🎉🎉,2,2025-01-01T12:35:01Z,youtube
Akj12zQniWw,Cuối năm tổng hợp chi tiết drama 2025 nha ah ui😂,0,2025-03-31T01:14:25Z,youtube
Akj12zQniWw,ngày nào cũng lướt tiktok mà sao t sót nhiều drama vậy ,0,2025-01-05T06:59:46Z,youtube
Akj12zQniWw,"anh ơi lên clip 2 bên Anh trai đi anh, em kéo cả dòng họ vô xem",0,2025-01-04T07:20:07Z,youtube
Akj12zQniWw,"Năm mới mọi điều mới, xem Me Xừ Đức rất vui ❤",0,2025-01-01T05:32:18Z,youtube
Akj12zQniWw,"làm luôn video về ATVNCG với ATSH đi ạ, vụ này mà làm sơ sơ thấy thiếu quá ",1,2025-01-01T14:23:50Z,youtube
Akj12zQniWw,giọng ông này kể chuyện ma thì bác ngạn gọi bằng cháu.,0,2025-01-09T10:41:24Z,youtube
Akj12zQniWw,Chời ơi cái văn khịa này nó hợp ý t kinh khủng :)),0,2025-01-02T04:56:10Z,youtube
Akj12zQniWw,năm sau làm nữa nha anhhhh,1,2025-09-08T15:01:51Z,youtube
Akj12zQniWw,Ông này sáng tạo,0,2025-05-14T13:11:11Z,youtube
Akj12zQniWw,😀,0,2025-01-02T20:05:33Z,youtube
Akj12zQniWw,Làm vid về hai ctrinh đi ạ,1,2025-01-06T13:40:34Z,youtube
Akj12zQniWw,Quá hay 🎉,0,2025-01-19T15:35:06Z,youtube
Akj12zQniWw,Đợi mãi cái đuôi đom đóm để cắm mà chưa thấy nữa,0,2025-01-03T14:34:41Z,youtube
Akj12zQniWw,thấy sky là iu gòi😍,0,2025-01-03T14:38:25Z,youtube
Akj12zQniWw,idol hùng huỳnh vươn tầm quốc tế đang đợi fan tẩy trắng,2,2025-01-01T14:02:38Z,youtube
Akj12zQniWw,Niceeeee,0,2025-01-17T11:58:22Z,youtube
Akj12zQniWw,Trộm vía chưa nghe Pickleball hehe (trừ trong vid này).,0,2025-01-04T16:48:23Z,youtube
Akj12zQniWw,làm riêng 1 video về 2 ctrinh ATrai đi sốp ơiiiiiiiiiiiiiiiii,1,2025-01-01T06:11:29Z,youtube
Akj12zQniWw,Nãy giờ đợi nói drama vịt kho tiêu 😋,0,2025-01-21T07:49:27Z,youtube
Akj12zQniWw,video rất hay và bổ ích  👍👍👍 thank bro 😄😄😄😄😄😄,0,2025-01-01T11:55:06Z,youtube
Akj12zQniWw,a trai say gex,1,2025-01-02T11:57:07Z,youtube
Akj12zQniWw,Anh lên vụ Say Hi chông gai anh oiiii,1,2025-01-06T04:51:45Z,youtube
Akj12zQniWw,Mong lên vid về 2 ct anh trai ạ,0,2025-01-01T12:01:41Z,youtube
Akj12zQniWw,drama tabi,1,2025-01-02T17:07:37Z,youtube
Akj12zQniWw,Tui vẫn nhớ ngọt,0,2025-05-22T14:20:52Z,youtube
Akj12zQniWw,Hóng video của 2 chương trình Anh trai ạ,0,2025-01-01T11:32:11Z,youtube
Akj12zQniWw,0:06 đúng là năm của mình ( mình dell làm đc gì ),0,2025-01-05T18:28:42Z,youtube
Akj12zQniWw,hay,0,2025-02-14T18:46:22Z,youtube
Akj12zQniWw,có quả art dudodut nữa kìa,0,2025-01-05T14:14:34Z,youtube
Akj12zQniWw,ui sời a CTNM còn lên hẳn bài mới đón năm mới chắc cũng sắp nhắm mắt để mua mấy kí omo về tẩy mờ mắt Đả Ling đây mà.,1,2025-01-06T13:49:42Z,youtube
Akj12zQniWw,sao cqq gì t cũng từng hóng ròi hết zay :v nhìu chiện gheee,0,2025-01-03T14:26:43Z,youtube
Akj12zQniWw,"E thấy a làm đội bóng NHA, a làm các đội Vleague đi ạ",0,2025-01-01T11:27:44Z,youtube
Akj12zQniWw,Còn ông tự xưng ông vua nhạc Việt ĐVH nữa bạn ơi,0,2025-01-09T10:07:00Z,youtube
Akj12zQniWw,"Video đẳng cấp, quá nhiều chất xám và tổ lái",0,2025-01-01T15:48:39Z,youtube
Akj12zQniWw,Lên còn ten ATVNCG với ATSH đi ạaaaa,0,2025-01-02T03:51:10Z,youtube
Akj12zQniWw,11:00 Với bài Mặt Trái của sự thật,0,2025-01-01T06:36:33Z,youtube
Akj12zQniWw,Anh ơi thiếu nờ ô nô(thánh hôi mồm),0,2025-01-05T04:32:36Z,youtube
Akj12zQniWw,Thiếu quả drama của mít tơ đờm r 😂😂,0,2025-01-07T07:45:37Z,youtube
Akj12zQniWw,"Đầu năm cũng bày đặt ""New year new me"" đồ đó, cuối năm chỉ biết ngồi một góc thất vọng thôi :))",2,2025-01-03T12:36:04Z,youtube
Akj12zQniWw,Giao diện vui vẻ giọng đọc mosinur tuna à😅,0,2025-01-21T05:58:37Z,youtube
Akj12zQniWw,Cô tiên cũng góp mặt với anh trai 1 2 3 4 ngày mà😂,0,2025-01-15T14:59:32Z,youtube
Akj12zQniWw,Xem mà cười treo mõm lên giời =)) sốp khịa thấm lắm sốp,0,2025-01-01T16:48:18Z,youtube
Akj12zQniWw,thiếu vụ kiện đứt ngón chân của Mr. Đờm rồi kìa ,0,2025-01-13T14:54:31Z,youtube
Akj12zQniWw,"làm luôn về ATSH với ATVNCG đi sộp, drama căng như này mà làm sơ sơ thì phí",0,2025-01-02T03:02:55Z,youtube
Akj12zQniWw,Vụ Chị Đẹp đạp gió rẽ sóng mùa 1 & 2 đi,0,2025-01-04T11:42:45Z,youtube
Akj12zQniWw,😂,0,2025-01-07T11:08:27Z,youtube
Akj12zQniWw,Hài nhúng,0,2025-01-04T11:50:27Z,youtube
Akj12zQniWw,Làm gấp bom nguyên tử anh trai đi ad,0,2025-01-01T09:22:22Z,youtube
Akj12zQniWw,ông ra vd về ATSH đi ông😂,0,2025-07-18T05:31:28Z,youtube
Akj12zQniWw,Làm drm 2 ct anh trai đi shop,0,2025-01-01T07:17:55Z,youtube
Akj12zQniWw,"Thiếu bộ 3 schannel miền nam vụ ""đối tác"" truyền thông atvncg rồi anh ơi",0,2025-01-24T15:39:39Z,youtube
Akj12zQniWw,"nếu có làm video so sánh và highlight drama 2 chương trình ATSH & ATVNCG thì hi vọng admin liệt kê đầy đủ, có cái nhìn đa chiều và công tâm nhé 🫵🏻",0,2025-01-10T17:47:02Z,youtube
Akj12zQniWw,còn quả babyboo nx anh ơiii,0,2025-01-01T09:18:49Z,youtube
Akj12zQniWw,Chúc video nè lên triệu vieww nha ad,0,2025-01-04T02:19:43Z,youtube
Akj12zQniWw,drama mr đàm vĩnh biệt nữa,0,2025-01-02T21:33:22Z,youtube
Akj12zQniWw,"Ông này là Đức reaction trên tóp tóp dko :))). Quả văn mở bát nghe rất giống, đã thế còn chơi tiktok, sợ chưa biết bóc phốt mà :)))",0,2025-01-03T14:50:26Z,youtube
Akj12zQniWw,2025 mà tổng kết chắc 3 tiếng kkk,1,2025-10-15T05:47:26Z,youtube
Akj12zQniWw,"trời ơi, thiếu drama Hoàng Thùy và rắn rồi",0,2025-01-02T09:11:55Z,youtube
Akj12zQniWw,Hóng drama 2 ctr anh trai,0,2025-01-02T05:42:48Z,youtube
Akj12zQniWw,Thấy bóng dáng goat Faker:))),0,2025-01-21T11:58:55Z,youtube
Akj12zQniWw,anh trai say hi ( làm đi anh ),0,2025-01-26T04:02:23Z,youtube
Akj12zQniWw,Xem vid này mới nhận ra 1000 drama mình không biết =))),0,2025-01-03T16:24:39Z,youtube
Akj12zQniWw,Hùng huỳnh kiểu ko chọn phong thủy tên bài luôn..chọn đúng ko thể nhắm mắt thật😂😂😂😂,4,2025-01-04T14:11:30Z,youtube
Akj12zQniWw,Năm 2024 mỗi tháng 1 drama 😂,0,2025-01-02T04:15:35Z,youtube
Akj12zQniWw,toi trở lại từ 2026 và nhận ra rằng drama 2025 dài gấp đôi 2024 =)),0,2026-01-01T05:38:25Z,youtube
Akj12zQniWw,làm sớm quá k kịp  bổ sung cửa j97 cuối năm,0,2025-01-30T05:12:57Z,youtube
Akj12zQniWw,good good,0,2025-01-07T05:39:58Z,youtube
Akj12zQniWw,mượt thế chứ lị,0,2025-01-03T14:46:09Z,youtube
Akj12zQniWw,khá hài,0,2025-12-27T02:49:11Z,youtube
Akj12zQniWw,Làm quả vd drama Dino Sakura giả gái đi bro,0,2025-01-02T07:11:42Z,youtube
Akj12zQniWw,Cái drama chấn động là của thầy sư bị bắt đó ổng quên re,0,2025-01-04T05:41:15Z,youtube
Akj12zQniWw,sao giờ tôi mới biết ông nhỉ :333333333,0,2025-01-01T14:28:02Z,youtube
Akj12zQniWw,tran mỹ lương,0,2025-01-11T06:16:49Z,youtube
Akj12zQniWw,🤣,0,2025-01-06T09:57:24Z,youtube
Akj12zQniWw,kênh này hài đó. Hóng vid picabo,0,2025-01-05T12:58:26Z,youtube
Akj12zQniWw,Tháng 6 hằng năm cũng lớn nè anh ơi=))),0,2025-01-02T03:11:37Z,youtube
Akj12zQniWw,anh ơi làm về drama  atvncg vs atsh đi anh,0,2025-01-01T12:37:01Z,youtube
Akj12zQniWw,Thiếu quả người yêu tin đồn HTH lộ tin nhắn nấu xói nyc 😅,0,2025-01-03T03:58:51Z,youtube
Akj12zQniWw,thiếu parrot smell rồi sốp ơi,0,2025-01-18T13:27:35Z,youtube
Akj12zQniWw,Duy muối cx phải tế tới cả đời,0,2025-01-02T03:58:18Z,youtube
Akj12zQniWw,monsier tuna:),0,2025-01-09T15:48:37Z,youtube
Akj12zQniWw,Thiếu drm baby three của c bé ngân hàng :3,0,2025-01-10T03:22:08Z,youtube
Akj12zQniWw,Êi t vừa thấy video của Nàng Mơ là t phải quay lại đây cmt ngay. Vụ đấy cũng drama vl ra,0,2025-03-05T16:21:01Z,youtube
Akj12zQniWw,Thíu 1 cái anh ơi là drama vịt kho tiu😢,1,2025-01-01T12:12:08Z,youtube
Akj12zQniWw,Chắc tới vd 2025 thì hay lắm tại năm nay nhiều drama vkl,0,2025-11-27T13:49:07Z,youtube
Akj12zQniWw,Thắng ngọt làm bài hay mà sao mà bỏ được chứ ko tin,0,2026-02-15T18:04:28Z,youtube
Akj12zQniWw,14:08 thiếu duy muối kìa,0,2025-01-01T11:25:10Z,youtube
Akj12zQniWw,sốp thiệu vụ obito ròi=))))),0,2025-01-02T09:42:59Z,youtube
Akj12zQniWw,anh ơi cs drama của đăng răng to vs là rocky nx,0,2025-01-01T14:50:10Z,youtube
Akj12zQniWw,thiếu cái máy ấm hoa hồng j đó nứa á anh,0,2025-01-02T13:18:25Z,youtube
Akj12zQniWw,Thiếu drama 80k người xem Anh trai say geiii :3,0,2025-01-04T13:40:57Z,youtube
Akj12zQniWw,êo a lên drama về Nô đi:)),0,2025-01-01T11:03:48Z,youtube
Akj12zQniWw,Nêu những vụ nổi bật nhất thôi mn ạ.,0,2025-02-11T10:12:35Z,youtube
Akj12zQniWw,Tha 😢cho bé gíp đi,1,2025-01-17T12:15:20Z,youtube
Akj12zQniWw,Ad quên Đờ mờ hờ à😂😂,0,2025-01-14T15:36:54Z,youtube
Akj12zQniWw,giọng giống Tuna thế nhờ,0,2025-02-04T10:31:50Z,youtube
Akj12zQniWw,anh ơi trêu nhái đi em iu anh,1,2025-01-01T10:21:20Z,youtube
Akj12zQniWw,Ông ad đặt mua light stick hay gì mà nhắc từ năm này đến năm khác thế😂😂😂,0,2025-12-29T10:40:25Z,youtube
Akj12zQniWw,Anh thiếu chu ngọcquang vinh và sự phẫn lộ của người lửa,0,2025-01-05T12:48:32Z,youtube
Akj12zQniWw,Ank Chắck lại cbi mở bat 2025 r đấy shop😂😂,0,2025-01-18T03:02:24Z,youtube
Akj12zQniWw,Lên vid atvntg vs atsh đi ạaaa,0,2025-01-01T12:45:03Z,youtube
Akj12zQniWw,diddy với lu phạm đôuuu,0,2025-01-01T16:43:40Z,youtube
Akj12zQniWw,2025 kiểu 🤔🤔 chắc dài gấp 3 🐧,0,2025-12-09T09:56:32Z,youtube
Akj12zQniWw,nếu thiếu thì chắc là giữa Schannel miền nam và atvncg đó anhhh,1,2025-01-03T14:26:10Z,youtube
Akj12zQniWw,:))) phiên bản của Tuân và Vui Vẻ à 😂,0,2025-01-04T11:07:51Z,youtube
Akj12zQniWw,Vụ Chu Ngọc Quang Vinh nữa =)),0,2025-01-02T08:29:35Z,youtube
Akj12zQniWw,Lạy các kênh này thật kkk,0,2025-10-17T12:01:41Z,youtube
Akj12zQniWw,Ad quên mất t9 có vụ to ơi là to à. Cháu V nào đó muốn có quốc tịch của tư bản mà kh được nên cay quá đăng bài nấu xói nhà nước vào đúng ngày 2/9 kìa😂,1,2025-01-03T11:33:34Z,youtube
Akj12zQniWw,Còn thiếu drama Làn Sóng Xanh anh ơi,0,2025-01-09T13:19:40Z,youtube
Akj12zQniWw,tui tưởng sẽ thấy chị Di Bom của tui mà tiếc ko có,0,2025-01-01T11:35:17Z,youtube
Akj12zQniWw,Tổng hợp mấy vụ Chông Gai Say Hi đi ạ =))))))))))))))))))),0,2025-01-01T12:05:14Z,youtube
Akj12zQniWw,A thiếu drama Chu Ngọc Quang Vinh r,0,2025-01-03T04:26:26Z,youtube
Akj12zQniWw,Drama of the year là mck chìm loi,0,2025-01-02T12:28:17Z,youtube
Akj12zQniWw,Tháng 7 quả drama duy muối đay ad,0,2025-01-13T05:24:26Z,youtube
Akj12zQniWw,"Nghe hết tất cả videos của kênh trong 1 đêm rồi, ít thế, nghe chả đủ phê",0,2025-01-01T20:29:17Z,youtube
Akj12zQniWw,Anh nghĩ sao về một video tổng hợp khác về các câu nói đã từng 'viral' trong năm 2024 ?,0,2025-01-01T07:40:02Z,youtube
Akj12zQniWw,"Hâm mộ thì được. Học theo hành động tốt. Lên án phê bình hành động xấu. Nhưng fan Việt Nam ko dồn các nghệ sĩ vào đường cùng, ko tẩy chay và tha thứ cho người biết lỗi và tôn vinh tài năng b ạ",0,2025-01-13T02:11:12Z,youtube
Akj12zQniWw,xin ad tên bài nhạc nền khi chuyển các tin của clip với,0,2025-01-09T22:44:14Z,youtube
Akj12zQniWw,Ô này nói chuyện như tuna v,0,2025-01-07T14:12:25Z,youtube
Akj12zQniWw,"20:50 h t ms biết bài hát này trùng ngày sinh vs t








Xin lỗi anh Quý, bài hát của anh còn hay hơn chán bài dân vũ ở trường e ;-;",0,2025-03-09T15:50:53Z,youtube
Akj12zQniWw,vụ của hùng huỳnh được giải quyết r nha,0,2025-01-12T15:46:21Z,youtube
Akj12zQniWw,Del hiểu s có ng có thể bênh khăn giấy ướt 😊,1,2025-01-02T17:38:52Z,youtube
Akj12zQniWw,Còn drama mr vịt với hạt kiêu kìa a:)),0,2025-01-05T10:29:26Z,youtube
Akj12zQniWw,đón tập ms 🎉🎉🎉,0,2025-01-01T04:04:41Z,youtube
Akj12zQniWw,anh quên Nguyễn Như Khôi r,0,2025-01-13T13:56:57Z,youtube
Akj12zQniWw,VIdeo   ông này như của tuấn  tuna monsieur thế nhỉ,0,2025-01-01T14:49:38Z,youtube
Akj12zQniWw,thiếu 1 drm cực kì to đó chính là  VỊT KHO TIÊU,0,2025-01-05T15:48:00Z,youtube
Akj12zQniWw,hoan hô ban nhạc thủ đô 🗿🗿,0,2025-02-12T06:22:57Z,youtube
Akj12zQniWw,drama phải là của Đàm VH kiện xong bị ngược lại :))),0,2025-01-02T05:30:01Z,youtube
Akj12zQniWw,tha nghe rap ve meo beo con hon,0,2025-06-23T13:39:45Z,youtube
Akj12zQniWw,Thiếu drama a DVH😂,0,2025-01-03T02:55:17Z,youtube
Akj12zQniWw,Mr.big🐷 25:09 😂😂😂,0,2025-01-03T10:05:47Z,youtube
Akj12zQniWw,EM thích tháng 4,0,2025-03-04T02:31:31Z,youtube
Akj12zQniWw,Ông ơi đảo thiên đường,0,2025-01-05T14:36:23Z,youtube
Akj12zQniWw,Thiếu vụ kiện của a đờm vĩnh biệt,0,2025-01-15T11:11:42Z,youtube
Akj12zQniWw,thiếu vụ 30 quái xế nx ad oi,0,2025-01-07T16:25:27Z,youtube
Akj12zQniWw,Anh làm đi anh,0,2025-02-03T14:39:04Z,youtube
Akj12zQniWw,Tr ơi Vẹt Hương của tôy đâuuuu,0,2025-01-01T13:22:36Z,youtube
Akj12zQniWw,"ơ, quên mr. Đàm à ad, còn Tần Nổ nữa",0,2025-01-03T15:06:32Z,youtube
Akj12zQniWw,DAM VINH HUNG 2 NGON CHAN,1,2025-01-01T06:54:42Z,youtube
Akj12zQniWw,tự hào vì 1 nửa số drama này mình ko biết =))),0,2025-01-01T13:32:54Z,youtube
Akj12zQniWw,Hít drama thay oxy 😂,0,2025-03-22T18:08:17Z,youtube
Akj12zQniWw,làm đi anh,0,2025-01-01T11:29:59Z,youtube
Akj12zQniWw,nghe chữ mrbeat,0,2025-01-06T05:27:41Z,youtube
Akj12zQniWw,Có ai hóng clip này vào sang năm ko. Drama tháng 1 2025 chắc ai cũng biết =)),0,2025-01-26T17:51:48Z,youtube
Akj12zQniWw,Thiếu Trịnh Trần Phương Tuấn Nhớ,0,2025-01-01T08:57:32Z,youtube
Akj12zQniWw,giọng ổng hài vãi :))),0,2025-01-01T06:49:18Z,youtube
Akj12zQniWw,"anh ơi,vịt kho tiêu của em đâuuuu??",0,2025-01-01T16:13:32Z,youtube
Akj12zQniWw,"Acco uy tín nha, mới mua thử, giá rẻ, hỗ trợ tận tình, ủng hộ nha bà con",0,2025-01-01T11:17:11Z,youtube
Akj12zQniWw,"từ lúc xảy  ra có drama của An Tây với Chu Bin thì đến lớp tui bị mấy thg ngồi quanh ghẹo 
tui tên An nên bọn nó cứ kêu tui là An Tây mặc dù chẳng liên quan
nghĩ tới mà tức cái lồng ngực ghê",0,2025-06-21T14:55:59Z,youtube
Akj12zQniWw,bản sao monsieur tuna,0,2025-01-01T13:25:14Z,youtube
Akj12zQniWw,Dama dio anh dsaof đây,0,2025-01-02T12:42:15Z,youtube
Akj12zQniWw,anh ơi anh bỏ quên drama duy muối giồi,0,2025-01-01T15:02:04Z,youtube
Akj12zQniWw,khá giống chu tuna :v,0,2025-01-04T11:11:48Z,youtube
Akj12zQniWw,Còn vụ phát ngôn ở đường lên đỉnh núi cao vời vợi nữa,0,2025-01-01T20:53:13Z,youtube
Akj12zQniWw,Hùng Nhái kết năm à :)))))),1,2025-01-03T06:49:44Z,youtube
Akj12zQniWw,Thiếu drama của làn sóng xanh rồi,0,2025-01-15T16:11:54Z,youtube
Akj12zQniWw,làm ATSH và ATVNCG đi ạ,0,2025-01-01T12:53:52Z,youtube
Akj12zQniWw,hình ảnh đơn giản nhưng vui,0,2025-07-31T08:27:45Z,youtube
Akj12zQniWw,"anh thiếu vài vụ như , dino sakura bj lộ bản thân mik là con trai (chắc vụ này chỉ nổi với cộng đồng fan vueber ) vụ "" sự phẫn nộ của người lửa "" , vụ cái ông quán quân Olympia có phát ngôn  tranh cãi ,vụ thợ trang điểm cho cô dâu bất ngờ bị người nhà cô dâu tương tác , vụ 3 cậu bé quấy phá tại aeon mall, và nữ  cosplay có bằng tiến sĩ bán onlyfan  nữa vẫn còn nhiều vụ lắm á .một là bản thân mình cũng không hòng được hết 2 là nhiều vụ cx ko quá lớn , hóng được mấy ngày đến cơ vụ đấy lắng xg thì cx quên à =)))))))🐵💧",0,2025-01-20T03:25:27Z,youtube
Akj12zQniWw,"ai khoái tháng 11 nha hhhh . ""nhac CD tẩm đá hay sao nghe vãi cả Chu Bin"" hhhh t cừ ỉa",0,2025-01-08T09:02:50Z,youtube
Akj12zQniWw,Nhìn anh này quen quen có phải anh này quảng cáo bao cao su không ?,2,2025-01-02T08:33:48Z,youtube
Akj12zQniWw,may chu dau da nhac den J97 r,0,2025-03-29T01:43:29Z,youtube
Akj12zQniWw,"rôi kêu ""anh Lý Hải"" ko được hay gì mà kêu chú 🤣🤣🤣🤣🤣🤣",0,2025-05-23T04:53:14Z,youtube
Akj12zQniWw,Lên một video ATSH và ATVNCG ngay và luôn đi ạ,0,2025-01-01T09:57:49Z,youtube
Akj12zQniWw,thiếu nhà leo núi giấu tên mất r =)),0,2025-01-01T06:16:53Z,youtube
Akj12zQniWw,Thiếu đoàn di băng r,0,2025-01-09T06:53:26Z,youtube
Akj12zQniWw,"Negav, phát ngôn và màu trắng như bông tuyết :)))",0,2025-01-09T13:43:04Z,youtube
Akj12zQniWw,còn vụ Diddy nữa á fen :)),0,2025-01-03T05:25:40Z,youtube
Akj12zQniWw,Vụ hưng 8 ngón ko thấy nhể 😆,0,2025-01-02T05:45:08Z,youtube
Akj12zQniWw,Năm nay 2024 em không thấy drama nào cả,0,2025-01-01T12:53:00Z,youtube
Akj12zQniWw,Còn vụ mr đờm kiện vk ck tỷ phú,0,2025-01-14T15:31:16Z,youtube
Akj12zQniWw,"15:00 bth mấy đứa để avt màu đen mới hiểu, xong hôm đấy như ""trend"" để avt đen quá tr luôn. Thành ra ai hay để avatar đen bị bế lên thread chả hiểu kiểu gì",0,2025-10-29T07:26:17Z,youtube
Akj12zQniWw,Anh quên Chu Vinh à anh ơi!!!,0,2025-01-09T14:48:20Z,youtube
Akj12zQniWw,Drama AI của Neko Lê xứng đáng có honorable mention trong tháng 12 í ngl =)))),0,2025-01-02T02:30:59Z,youtube
Akj12zQniWw,17:22 sao lại có cờ flash v tr :)),0,2025-07-22T09:13:21Z,youtube
Akj12zQniWw,kk đúng như nồi cám lợn hỗn lộn,0,2025-01-04T09:04:30Z,youtube
Akj12zQniWw,Còn thiếu hằng du mục,0,2025-01-02T15:05:49Z,youtube
Akj12zQniWw,thiếu chị Phiến :)),1,2025-01-10T13:59:52Z,youtube
Akj12zQniWw,Drama Chủ Quang Vinh đâu . We're,0,2025-01-04T14:59:50Z,youtube
Akj12zQniWw,Thiếu drama Hằng Du Mục rồi,0,2025-01-06T13:15:51Z,youtube
Akj12zQniWw,vua nam moi lai la anh jack mo man,0,2025-01-27T12:20:13Z,youtube
Akj12zQniWw,30p nào,0,2025-01-01T04:28:26Z,youtube
Akj12zQniWw,hi,0,2025-01-02T17:22:21Z,youtube
Akj12zQniWw,pơ kể chuyện đâu r:)),1,2025-01-02T02:25:55Z,youtube
Akj12zQniWw,bro quên drama dino socola,0,2025-01-04T14:27:57Z,youtube
Akj12zQniWw,Còn drm v95 nữa a,0,2025-02-02T14:50:38Z,youtube
Akj12zQniWw,Parrot smell thì s ông,0,2025-01-06T22:10:47Z,youtube
Akj12zQniWw,"ông bạn chủ kênh này có phải ông hay làm clip tiêu điểm tướng của ""Người chơi điện tử"" ko nhỉ? cách nói chuyện với nhịp điệu, giọng điệu giống vd :))",0,2025-04-05T16:11:21Z,youtube
Akj12zQniWw,my name is sky nhưng thích jack,0,2025-01-04T06:47:17Z,youtube
Akj12zQniWw,Khúc cuối có bánh cuốn mà thiếu hẳn mỳ ly 😂,0,2025-01-01T09:41:56Z,youtube
Akj12zQniWw,Ước gì có tiền để nuôi hiền hồ nhìn đã vl 😅,0,2025-01-01T14:40:52Z,youtube
Akj12zQniWw,chờ mãi chưa thấy chu ngọc quang vinh nhỉ 😃,0,2025-01-05T10:12:10Z,youtube
Akj12zQniWw,P.Diddy nữa ạ =)))),0,2025-01-01T11:51:53Z,youtube
Akj12zQniWw,nghe như lấy cảm hừng từ kênh monsier tuna 😂,0,2025-01-09T05:05:17Z,youtube
Akj12zQniWw,không biết ai còn nhớ vụ chị Tôn Hạ Linh không ...,0,2025-01-01T08:11:34Z,youtube
Akj12zQniWw,"Vẫn còn thiếu nhiều drama nữa chủ kênh ơi, tổng hợp hơi thiếu",0,2025-01-22T18:29:13Z,youtube
Akj12zQniWw,Cảm ơn vì bữa ăn,0,2025-01-01T09:21:03Z,youtube
Akj12zQniWw,Phong cách giống Tuna nhỉ,0,2025-01-02T23:20:37Z,youtube
Akj12zQniWw,sốp làm về các anh trai đi ạ,0,2025-01-01T06:33:19Z,youtube
Akj12zQniWw,Thiếu phốt babyboo bạn gái Hiếu Thứ Hai nữa 😆,0,2025-01-20T23:24:41Z,youtube
Akj12zQniWw,còn vụ bảo mẫu trà xanh với babyboo nữa á a,1,2025-01-01T14:06:45Z,youtube
Akj12zQniWw,Huỳnh huỳnh là gì nữa hùng huỳnh mà hãy tìm hiểu trước khi làm,2,2025-01-17T12:21:55Z,youtube
Akj12zQniWw,2/1/2025😄,0,2025-01-02T13:12:13Z,youtube
Akj12zQniWw,link web không vào được broo,0,2025-01-02T03:30:39Z,youtube
Akj12zQniWw,drama thiên lý ơi đâu anh giáo sư ơi,0,2025-01-02T12:22:07Z,youtube
Akj12zQniWw,haha,0,2025-01-02T12:46:21Z,youtube
Akj12zQniWw,Duy muối,0,2025-09-20T18:35:22Z,youtube
Akj12zQniWw,"Cái vụ khiết đan nhắc là do fan lê tuấn khang liên tục spam câu Khiết Đan là ai hay gì đó ấy, xong khiết đan mới lên khịa nhưng do mẹ kia vạ mồm",0,2025-01-13T18:19:57Z,youtube
Akj12zQniWw,sớm anh oii,1,2025-01-01T04:02:58Z,youtube
Akj12zQniWw,Babyboo -)),0,2025-01-07T14:37:27Z,youtube
Akj12zQniWw,làm anh trai đy anh,0,2025-01-04T07:19:56Z,youtube
Akj12zQniWw,năm nay tháng 1 chắc là anh j97 ha=)))),0,2025-01-19T13:52:27Z,youtube
Akj12zQniWw,Còn matcha canada nữa ạ,0,2025-01-02T06:29:44Z,youtube
Akj12zQniWw,Thiếu DB đại gia q7 rồi ad ơi,0,2025-01-04T13:26:30Z,youtube
Akj12zQniWw,ơ kh có vụ babyboo à kkk,0,2025-01-02T18:44:31Z,youtube
Akj12zQniWw,ủa còn duy muối=)),0,2025-01-12T03:32:19Z,youtube
Akj12zQniWw,"Trời ơi, cái drama baybibu to đùng luôn mà anh có thể thiếu đượcccc",0,2025-01-02T17:58:17Z,youtube
Akj12zQniWw,thiếu 3 phút a ơi,0,2025-01-06T23:28:46Z,youtube
Akj12zQniWw,đang ăn cơm nghe vụ thầy ông nội mắc ói ngang🥹 nghe bao lần vẫn vậy. kinh vch,0,2025-01-10T04:47:55Z,youtube
Akj12zQniWw,@Me xừ Đức drama Vịt kho Tiu đâu anh eii??,0,2025-01-28T15:43:40Z,youtube
Akj12zQniWw,Mr vịt hạt tiêu nx ạ,0,2025-01-05T02:30:31Z,youtube
Akj12zQniWw,"Trước khi làm  về 2 ct cho hỏi  kênh có thể đứng ở giữa ko, để mình quyết định xem",1,2025-01-15T10:48:08Z,youtube
Akj12zQniWw,diễm my chắc bên cam :))))),0,2025-02-12T05:54:06Z,youtube
Akj12zQniWw,babyboo đâuuu,0,2025-01-12T10:09:02Z,youtube
Akj12zQniWw,thiếu chị đẹp babyboo roi,0,2025-01-02T05:46:06Z,youtube
Akj12zQniWw,hình như thiếu ai đó mà em CHƯA BIẾT ở đây,0,2025-01-05T11:36:37Z,youtube
Akj12zQniWw,Còn thiếu drama acn với dino Sakura:),0,2025-01-04T05:30:44Z,youtube
Akj12zQniWw,Còn j97 bỏ tận 3 con,0,2025-01-30T14:31:35Z,youtube
Akj12zQniWw,Haha nghe này giải trí vãiiiii,0,2025-01-02T01:31:25Z,youtube
Akj12zQniWw,có drama phông bạt của worka phốt rapper r không ạ?,0,2025-01-10T06:25:30Z,youtube
Akj12zQniWw,thiếu cmn drm babyboo rồi=)),0,2025-01-15T06:36:09Z,youtube
Akj12zQniWw,anh oi dinosakuto dau?,1,2025-01-22T05:40:33Z,youtube
Akj12zQniWw,:)) Đến Lou Hoàng còn bị phốt quỵt tiền cày thuê,0,2025-01-01T15:40:33Z,youtube
Akj12zQniWw,Sao giọng văn kênh này lại giống monsieur tuna nhỉ 😂,0,2025-02-06T14:55:31Z,youtube
Akj12zQniWw,Drama “ông hoàng nhạc việt” đâu chủ thớt 😂😂,0,2025-01-01T13:33:39Z,youtube
Akj12zQniWw,Hình như quên quả Jack gạ fan 😅,0,2025-01-16T03:19:00Z,youtube
Akj12zQniWw,Tr ơi,0,2025-12-29T12:25:50Z,youtube
Akj12zQniWw,còn duy muối nx anh ơi,0,2025-01-01T07:36:49Z,youtube
Akj12zQniWw,Thiếu năm sinh năm mất là số hotline,0,2025-01-02T00:33:50Z,youtube
Akj12zQniWw,"thiếu Drama tổ đội GVR, Mr đàm, ATVNCG nữa",0,2025-01-04T13:42:25Z,youtube
Akj12zQniWw,Ơ nhớ trước còn đọc tin bác Trọng mất vậy mà giờ đã qua 1 năm rồi á🫠,0,2026-02-05T14:41:15Z,youtube
Akj12zQniWw,Thiếu drama vịt kho tiêu r,0,2025-01-06T13:05:19Z,youtube
Akj12zQniWw,không có vụ CHILL GUY  hả?,0,2025-01-01T11:04:14Z,youtube
Akj12zQniWw,tui xài deepseeek né,0,2025-02-01T14:35:57Z,youtube
Akj12zQniWw,Thiếu mất Duy Muối r,0,2025-01-02T05:45:33Z,youtube
Akj12zQniWw,vụ dangrangto với rocky đâu a,0,2025-01-10T13:17:56Z,youtube
Akj12zQniWw,kẹo con,1,2025-01-09T14:33:09Z,youtube
Akj12zQniWw,nghe mùi content giống của Vui Vẻ v?,0,2025-01-01T09:22:44Z,youtube
Akj12zQniWw,có mấy vụ tưởng từ 2023 . . .,0,2025-01-01T09:53:44Z,youtube
Akj12zQniWw,Hình như thiếu Dino sacula🐣🐧🐧,0,2025-01-06T13:37:24Z,youtube
Akj12zQniWw,có thật là anh trai say hi toàn là anh trai k =))),0,2025-01-01T09:39:14Z,youtube
Akj12zQniWw,năm ngoái có 30 mà năm nay hơm tiếng =))))))))))))))))))))),0,2026-01-10T14:58:24Z,youtube
Akj12zQniWw,Anh đờm ăn xin nổi vậy mà ko nhớ,0,2025-01-02T11:43:40Z,youtube
Akj12zQniWw,Drama nhà Nala =))) và anh J 5 củ,0,2025-01-13T06:13:41Z,youtube
Akj12zQniWw,sơm nhé anh,0,2025-01-01T04:16:01Z,youtube
Akj12zQniWw,vịt hầm hạt tiêu,0,2025-01-02T02:29:13Z,youtube
Akj12zQniWw,Anh ơi còn thiếu tháng 9 vụ bà hằng nữa,0,2025-01-08T13:58:30Z,youtube
Akj12zQniWw,bác trọng mất  còn thiếu thk duy muối a ơi,0,2025-01-01T08:00:07Z,youtube
Akj12zQniWw,bão yagi thì bn nó là bão wipha,0,2025-07-20T17:55:52Z,youtube
Akj12zQniWw,Thiếu SQUID GAME nữa kìa anh =)),0,2025-01-01T14:33:55Z,youtube
Akj12zQniWw,Giộng ông này có phải là ông hay làm video mukbang trên fb k ae :))) k nhớ tên ông đó,0,2025-01-12T08:17:51Z,youtube
Akj12zQniWw,em hồi đầu năm kêu sẽ không làm mất đồ nữa rốt cuộc mất moẹ luôn cái cccd,0,2025-01-02T03:22:32Z,youtube
Akj12zQniWw,drama acn với dinosakura,1,2025-01-01T08:17:38Z,youtube
Akj12zQniWw,ơ drm babyboo đâu r😭😭,0,2025-01-02T10:52:13Z,youtube
Akj12zQniWw,hình như là thiếu drama sự phẫn nội của người lửa,0,2025-01-06T15:38:12Z,youtube
Akj12zQniWw,như 1 vì tinh tú đâu ad,0,2025-01-02T04:09:23Z,youtube
Akj12zQniWw,nghe gt về drama t10 xong anti kênh này luôn,0,2025-01-25T09:39:09Z,youtube
Akj12zQniWw,Hình như thiếu ng có ngón chân giá trị 1200 tỉ thì phải,0,2025-01-02T00:13:36Z,youtube
Akj12zQniWw,Drama J đâu 😂😂,2,2025-02-01T13:56:24Z,youtube
Akj12zQniWw,CHẲNG THỂ NHẮM MẮT KO ĐẠO NHÁI!!!!!!,0,2025-01-10T15:33:08Z,youtube
Akj12zQniWw,Ông thiếu ái tình drama của Obito rồi,0,2025-01-03T00:44:59Z,youtube
Akj12zQniWw,đợi ngày tổng hợp 2025 hihi,0,2025-10-27T11:52:09Z,youtube
Akj12zQniWw,Anh trai vượt ngàn chông gai và Đệ đệ say nhái :)))),37,2025-01-01T09:40:03Z,youtube
Akj12zQniWw,squid game 2 đâu anh zai,0,2025-01-02T12:20:45Z,youtube
Akj12zQniWw,hình như thiếu drama của Việt Hương nx ạ,0,2025-01-02T16:19:42Z,youtube
Akj12zQniWw,Anh quên anh Vinh rồi huhu!,0,2025-01-01T06:48:07Z,youtube
Akj12zQniWw,Baby boo đâu=))),0,2025-01-19T03:29:52Z,youtube
Akj12zQniWw,Hình như thiếu quả drama trình của hth,0,2025-01-08T11:16:03Z,youtube
Akj12zQniWw,"con fan Hùng Huỳnh đòi va VTV ,va fan bóng đá ạ",4,2025-01-02T06:28:20Z,youtube
Akj12zQniWw,không có vụ MelBel là 1 thiếu sót lớn =)))),0,2025-01-03T08:32:13Z,youtube
Akj12zQniWw,"Mới vô clip đã nghe ""5 củ"" ;))))))) mình người miền Nam nên nghe buồn cười vl dù biết người đọc chữ gì",0,2025-01-05T05:39:02Z,youtube
Akj12zQniWw,thanh chien acn với dinosakura,1,2025-01-01T08:17:58Z,youtube
Akj12zQniWw,12:49  bả nói j zợ,0,2025-01-03T09:58:33Z,youtube
Akj12zQniWw,"Drama chi dân , an tây còn có cô tiên từ thiện",0,2025-01-01T07:28:26Z,youtube
Akj12zQniWw,Thiếu drama babyboo rồi,0,2025-01-03T01:31:35Z,youtube
Akj12zQniWw,"drama 2024 khiến t nhớ nhất là drama của anh tu su bị phốt ấm dâu, nhưng ko sao bây giờ anh ấy đang dần sửa lại lỗi lầm của mình, t cũng mong anh tu su của các con dân roblox sẽ càng trưởng thành hơn và biết kiểm soát hành vi (lời nói) của bản thân. Chúc giáo sư cùng ae 1 cái tết ngậy tuyệt đối, tài lộc quá lớn nha :)",1,2025-01-03T06:54:35Z,youtube
Akj12zQniWw,"Jáck bỏ con mà 5 triệu 
Ca sĩ tik tok 12 năm tù",0,2025-01-02T04:58:41Z,youtube
Akj12zQniWw,a bị thiếu thầy Thích Minh Tuệ rùi,0,2025-02-12T10:15:03Z,youtube
Akj12zQniWw,Sao mắt anh tôi dạo này lại to và  long lanh một cách lạ kì nhỉ :)))),0,2025-01-01T05:59:18Z,youtube
Akj12zQniWw,Thiếu Babyboo rồi,0,2025-01-02T12:07:47Z,youtube
Akj12zQniWw,Hình như cái nào liên quan đến showbiz là bị công ăn vô cuộc,0,2025-01-13T10:45:31Z,youtube
Akj12zQniWw,"I, trùng hợp đc mà, thấy 2 đứa chơi vs nhao nó mua j thằng còn lại mua trùng cái nớ, k lạ nữa r",0,2026-01-13T05:01:31Z,youtube
Akj12zQniWw,Nhân tố N phát ngôn đi thẳng vào lõi trái đất chứ đùa:),4,2025-01-01T14:13:53Z,youtube
Akj12zQniWw,Ê drama của dino Sakura nữa me xừ gì đó ơi,0,2025-01-26T18:09:27Z,youtube
Akj12zQniWw,Thím Đàm đâu?  thiếu là thím cự đó!,0,2025-02-03T02:53:42Z,youtube
Akj12zQniWw,Tháng 10 hình như thiếu dramma rồi,0,2025-02-07T04:53:33Z,youtube
Akj12zQniWw,vụ quốc tang thiếu hotline của duy muối à,0,2025-05-02T05:30:23Z,youtube
Akj12zQniWw,"Thiếu be rây pbvm, th duy muối cợt nhả ngày TBT mất",0,2025-01-08T08:25:18Z,youtube
Akj12zQniWw,Không có obito với cả anh máy dập 24k right nhỉ😊,0,2025-01-23T15:03:00Z,youtube
Akj12zQniWw,Drama của anh l9n đâu,1,2025-01-08T07:39:44Z,youtube
Akj12zQniWw,drama của anh Tân sakura đâu anh=)))),0,2025-01-13T11:52:32Z,youtube
Akj12zQniWw,"Tôi thấy Top 3 sự kiện to nhất năm nay:
- Quốc tang Bác Trọng: khóc quá trời khóc
- Drama SAO KÊ
- Drama ATVNCG vs ATSH",49,2025-01-01T13:04:20Z,youtube
Akj12zQniWw,ishowspeed den vn thi sao,0,2025-01-02T11:30:17Z,youtube
Akj12zQniWw,Kênh thiếu ca sĩ Tôn Hạ Linh rồi,0,2025-01-01T05:36:06Z,youtube
Akj12zQniWw,Hề vl =)))) 2 cái chương trình anh trai ồn đến nỗi xứng đáng được 1 video drama riêng =))))),0,2025-01-04T08:31:35Z,youtube
Akj12zQniWw,Drama của kejo vs gvr nữa,0,2025-01-01T14:38:58Z,youtube
Akj12zQniWw,Thiếu đảo thiên đường,0,2025-01-04T11:41:31Z,youtube
Akj12zQniWw,Còn drama của J97 nữa anh uiii,1,2025-01-24T14:07:16Z,youtube
Akj12zQniWw,thiếu duy muối à anh :)))))),0,2025-01-04T11:56:40Z,youtube
Akj12zQniWw,Kh có drama giữa ht2 với bình vàng và 1 chuỗi bài dis nhau hả a,0,2025-01-02T13:10:31Z,youtube
Akj12zQniWw,:),0,2025-04-28T17:01:47Z,youtube
Akj12zQniWw,ây za tận 30p luôn:))),0,2025-01-01T04:01:52Z,youtube
Akj12zQniWw,video này làm kiểu gì v ạ,0,2025-01-22T05:36:13Z,youtube
Akj12zQniWw,"Thiếu drama babyboo, hằng du mục tôn bằng với phan đạt phương Lan tố showbiz òi 🥲",0,2025-01-09T19:39:49Z,youtube
Akj12zQniWw,K có dramma Bray hả:))),1,2025-01-01T07:48:55Z,youtube
Akj12zQniWw,Quên drama diddy ahhhh,0,2025-01-01T16:06:30Z,youtube
Akj12zQniWw,"Tháng nào cũng có dramma nhỉ , bình yên có quá đắt không :))",0,2025-01-01T10:22:50Z,youtube
Akj12zQniWw,hình như thiếu vụ hạt tiêu thì pk,0,2025-01-09T04:41:19Z,youtube
Akj12zQniWw,vụ hotline đâu anh :)),0,2025-01-22T04:31:04Z,youtube
Akj12zQniWw,thích cúng nhà đâu. wa thiếu sót,0,2025-01-01T08:26:11Z,youtube
Akj12zQniWw,kco drama babyboo hả,0,2025-01-01T11:58:26Z,youtube
Akj12zQniWw,Vụ bảo mẫu trà xanh Canada của pokechuyen đâu anh,0,2025-01-01T22:11:44Z,youtube
Akj12zQniWw,ông này với ông  monsieur tuna có anh em họ hàng gì k v,0,2025-01-04T08:44:58Z,youtube
Akj12zQniWw,Thiếu đàm vĩnh biệt à,0,2025-01-02T06:17:40Z,youtube
Akj12zQniWw,uầy kênh văn thì như tuna nhưng content là tự nấu nên chất lượng ác,0,2025-01-09T09:51:40Z,youtube
Akj12zQniWw,thiếu ACN vs 🦖🌸 thì phải,1,2025-01-01T08:42:08Z,youtube
Akj12zQniWw,thiếu mấy drama 3 que gòi =))),0,2025-01-02T09:34:16Z,youtube
Akj12zQniWw,"😂😂😂 quê hương tôi, xứ sở thiên đường.",2,2025-01-01T06:18:18Z,youtube
Akj12zQniWw,Còn đàm vĩnh hưng đâu,0,2025-02-02T10:14:35Z,youtube
Akj12zQniWw,"quốc cơ đâu, osen đâu",0,2025-01-17T11:30:53Z,youtube
Akj12zQniWw,KHÔNG THẤY ĐOÀN DI BOM VẬY,0,2025-01-02T03:40:17Z,youtube
Akj12zQniWw,Drama của Mr Đờm đâu rùi?,0,2025-01-02T23:10:58Z,youtube
Akj12zQniWw,Nhìn drama 2024 là bt cs thắng ngọt nên tôi ms xem 😂,0,2025-01-24T15:59:36Z,youtube
Akj12zQniWw,Drama Thắng bỏ con,0,2025-01-05T10:46:17Z,youtube
Akj12zQniWw,"ui đúng là năm nay qua nhanh thật, cứ tưởng vụ ngọc trinh mới 2-3 tháng trước",0,2025-01-08T18:40:11Z,youtube
Akj12zQniWw,Tháng 8 ko có drama ak ad,0,2025-01-22T10:46:33Z,youtube
Akj12zQniWw,lá cờ lạ đâu sao ko đề cập ?,0,2025-01-02T17:39:22Z,youtube
Akj12zQniWw,Thằng Duy Muối đăng video vẫn còn đứa khen hay mới ghê.,0,2025-01-21T13:14:52Z,youtube
Akj12zQniWw,Drama của máy dã hạt tiêu chạy bằng háng đâu bro,0,2025-01-07T14:59:33Z,youtube
Akj12zQniWw,thiếu jack r a ơi,0,2025-01-04T06:15:47Z,youtube
Akj12zQniWw,Duy muối đâu.,0,2025-02-10T16:02:49Z,youtube
Akj12zQniWw,không cmt ạ,0,2025-01-02T13:51:00Z,youtube
Akj12zQniWw,dino sakuto ko cs trong này chán ghê :(,0,2025-01-01T12:44:32Z,youtube
Akj12zQniWw,ô không cảm ơn người bầu cùng tên à,0,2025-01-01T13:46:26Z,youtube
Akj12zQniWw,ATSG( anh trai say gex),1,2025-01-01T06:54:25Z,youtube
Akj12zQniWw,"Có Nê Gíp, có KiuTi, có cả baby three NT mà ad lại bỏ sót dramma babyboo à 🌝",0,2025-01-10T03:42:13Z,youtube
Akj12zQniWw,t10 còn cái drama nào á mà bị drama negav đè xuống,0,2025-01-02T02:34:58Z,youtube
Akj12zQniWw,Ko có drama Chu Ngọc Quang Vinh à 🤔,0,2025-01-04T14:52:12Z,youtube
Akj12zQniWw,Ê cách dẫn chuyện na ná Monsieur Tuna,0,2025-01-02T15:54:08Z,youtube
Akj12zQniWw,"Bánh cuốn, pháo hoa đâu?",0,2025-01-05T13:51:34Z,youtube
Akj12zQniWw,Mà tháng 6 còn vụ về tháng tự hào của cộng đồng Làng Gốm Bát Tràng và cộng đồng Girl và Boy thẳng có tính không....?,0,2025-01-16T00:16:23Z,youtube
Akj12zQniWw,vụ hạt tiêu với mr vịt đâu,0,2025-01-06T02:40:46Z,youtube
Akj12zQniWw,vụ khăn giấy ướt của Negav là s z ạ?,0,2025-01-06T11:57:50Z,youtube
Akj12zQniWw,không có vụ Trình của HIEUTHUHAI hả,0,2025-01-02T04:19:32Z,youtube
Akj12zQniWw,ai mua tk premium ở acco ch ạ cho em xin review,0,2025-01-04T09:46:20Z,youtube
Akj12zQniWw,Có drama chuyển nhượng Z ko ae,0,2025-01-05T11:13:09Z,youtube
Akj12zQniWw,"Xin lỗi, nhưng nhạc của Ngọt như cuối đầu bài nhé, 10 người may ra có 1-2 người thấm nổi",0,2025-01-03T12:58:22Z,youtube
Akj12zQniWw,Đờm vĩnh biệt to vậy mà thiếu à,0,2025-01-14T04:11:11Z,youtube
Akj12zQniWw,Những lời bác Hồ muốn nói thà hi sinh vì nước còn hơn là sống mà không bảo vệ được quê hương,0,2025-04-07T03:08:23Z,youtube
Akj12zQniWw,đầu tháng 9 của cu QUANG VINH không thấy nhỉ,0,2025-01-10T14:26:53Z,youtube
Akj12zQniWw,ê ê tôi thấy ông còn thiếu drama của dino sakura đâu ba:)))),0,2025-01-11T01:24:12Z,youtube
Akj12zQniWw,Ê ông này nghe như đức reaction nhỉ,0,2025-01-04T13:40:42Z,youtube
Akj12zQniWw,Chủ kênh sợ thằng muối ah :)))),2,2025-01-08T06:33:51Z,youtube
Akj12zQniWw,Vụ Trường Giang Nam Em đâu,0,2025-01-01T19:58:12Z,youtube
Akj12zQniWw,diddy đâu?,0,2025-01-01T13:56:03Z,youtube
Akj12zQniWw,Anh Long? Anh Long GD đâu? Tại sao tôi không thấy anh Long? Anh Long bùng nổ thế cơ mà,0,2025-01-05T12:07:31Z,youtube
Akj12zQniWw,"ông thiếu trận drama kinh điển mém tí nữa là sbiz Việt chỉ còn mỗi Jack 5 củ rồi, ""đi tìm 3 que"" :))))))",0,2025-01-03T01:40:46Z,youtube
Akj12zQniWw,Drama về jack đâu anh,0,2025-01-01T05:55:50Z,youtube
Akj12zQniWw,làm vid về cuộc thánh chiến giữa Nhái và Gai con đi bro :)))) câu chuyện về Nhái đã đi var với tất cả các fandom như thế nào :))),3,2025-01-03T08:47:57Z,youtube
Akj12zQniWw,Làm ơn Làm gì thì nên tìm hiểu trước Huỳnh Huỳnh là gì cha nội người ta là Hùng Huỳnh,0,2025-01-18T06:01:15Z,youtube
Akj12zQniWw,:)))),0,2026-02-08T03:07:32Z,youtube
Akj12zQniWw,rồi de ao với lamminh sao rồi mọi người,0,2025-01-01T12:41:31Z,youtube
Akj12zQniWw,thằng duy muối đâu rồi anh,0,2025-01-04T18:24:39Z,youtube
Akj12zQniWw,"Kênh ơi làm thêm năm 2025 nữa đi kênh , em thấy nó cũng hót hòn họt ko kém đấy ❤",0,2025-05-31T13:44:20Z,youtube
Akj12zQniWw,Anh làm về drama dinosakura (sasuke) đi,0,2025-01-01T13:06:09Z,youtube
Akj12zQniWw,Tên của hùng ko phải huỳnh huỳnh mà là hùng huỳnh ! Lm ơn đọc đúng tên,0,2025-01-10T15:33:48Z,youtube
Akj12zQniWw,Khiết đan là ai đúng là ko biết thật,0,2025-01-10T04:49:12Z,youtube
Akj12zQniWw,Ê drama nào cũng có hít ít hay nhiều,0,2025-02-11T10:10:27Z,youtube
Akj12zQniWw,"Thề chứ, k theo dõi cơ mà để dấu chấm hỏi to đùng, chỉ là ca-nghệ sĩ thôi mà cũng có fan cuồng nhỉ @@",0,2025-01-13T23:32:46Z,youtube
Akj12zQniWw,"Dừa lắm Hùng Huỳnh và Kewtiie ơi, đụng và BTS và ARMY thì chỉ có tàn đời 😂😂😂",1,2025-01-01T10:44:27Z,youtube
Akj12zQniWw,Thiếu thích chân quang bằng tiến sĩ giả. Thiếu casim hoàng vũ nữa. Mr đờm nữa nhỉ,0,2025-01-02T06:02:30Z,youtube
Akj12zQniWw,Khai thật đi ông có họ hàng gì bên montertuna không??,0,2025-01-02T23:10:31Z,youtube
Akj12zQniWw,có 27p mà bảo 30p phông bạt vừa thôi =))),0,2025-01-06T02:15:32Z,youtube
Akj12zQniWw,MÈ XE ĐỨC NGHĨA LÀ J Ạ?,0,2025-01-01T11:37:55Z,youtube
Akj12zQniWw,Có bà hằng không có Thầy Minh Tuệ vật,0,2025-01-01T18:28:00Z,youtube
Akj12zQniWw,Oi 1:39 tui thấy ảnh của trường tooii aaa,1,2025-01-04T13:28:01Z,youtube
Akj12zQniWw,Ns ra cũng tội jack 5 củ. Ko lên tiếng thì ns trốn tránh mà nói ra thì bảo biện hộ này nọ,0,2025-12-04T03:38:06Z,youtube
Akj12zQniWw,drama anh jack cuar tôi đâu,0,2025-01-01T06:47:55Z,youtube
Akj12zQniWw,Có vụ 1 loạt nghệ sỹ diễn trc lá cờ rẻ rách nào đấy xong xin lỗi hàng loạt nữa mà,0,2025-01-03T05:32:50Z,youtube
